{
	"id": "0xec9ea3d9c60a941ece577f6e45d4262eb665f710dad48ba8141084f45489063d",
	"title": "Gauge Weight for Week of 7th December 2023",
	"start": 1701914400,
	"end": 1702346400,
	"snapshot": 18733000,
	"gaugeLabels": [
		"Bunni liqLIT/BAL-20WETH-80LIT LP [1.111149 - 0.909014]",
		"Bunni GHO/USDC LP [1.176553 - 0.952752]",
		"Bunni frxETH/WETH LP [1.002002 - 0.998002]",
		"Bunni liqLIT/BAL-20WETH-80LIT LP [∞ - 0.000000]",
		"Bunni ∞-AA_idle_cpFAS-USDT4626-PYT/∞-AA_idle_cpFAS-USDT4626-NYT LP [1.000000 - 0.111259]",
		"Bunni WETH/AURA LP [0.001207 - 0.000400]",
		"Bunni GRAI/TBY-mar24(b) LP [1.027980 - 0.979805]",
		"Bunni WETH/LIQ LP [∞ - 0.000000]",
		"Bunni MON/WETH LP [∞ - 0.000000]",
		"Bunni DOLA/USDC LP [1.021831 - 0.979805]",
		"Bunni boxETH/WETH LP [1.030453 - 1.000000]",
		"Bunni ABI/WETH LP [∞ - 0.000000]",
		"Bunni paUSD/wUSK LP [1.039768 - 0.980200]",
		"Bunni LQTY/WETH LP [4691.826955 - 162.999204]",
		"Bunni LUSD/bLUSD LP [1.248558 - 1.086537]",
		"Bunni WETH/IZE LP [∞ - 0.000000]",
		"Bunni INV/DOLA LP [∞ - 0.000000]",
		"Bunni DCHF/USDC LP [1.111368 - 0.769211]",
		"Bunni GRAI/USDC LP [1.020810 - 0.989652]",
		"Bunni FRAX/PAL LP [∞ - 0.000000]",
		"Bunni WBTC/BADGER LP [0.000355 - 0.000036]",
		"Bunni JARVIS/WETH LP [∞ - 0.000000]",
		"Bunni WETH/swETH LP [1.080038 - 1.020200]"
	],
	"gaugeAddresses": [
		"0x8e375Dfb1b347D3E84fA9dfe1EeCdC5fD7845e9e",
		"0x69DA19c1DE0BfaCD967fA1558a66CF9Ee23B9BE7",
		"0x4Bf0082080d937897330BAB735c2Baa99FF16F19",
		"0xbB6Fb649929420dc56d90B013C2e4cAeE291e759",
		"0xf59Dfd237c7a8cf8f47bF6304815F2182F56Ae78",
		"0xE19E619f7A861Ac731c919705941669e8ee3f602",
		"0x47346Aa27Fb7bA45551Ca4DB3Df11867F3EFC97b",
		"0x157C6F527dE5987235ae1305608494731Ff03b10",
		"0xc0Bbfa70b31Bd1645B4f5ddC93b6Da14A5D46a29",
		"0xC11869829D58150d5268e8F2d32BD4815B437142",
		"0x42Bafd7c5793Ae2c883A3163D0A37f5969d0BCE1",
		"0x74f794Bd59e51B9f72D84b7c1274e38681A4d518",
		"0xcBbA6d982BF9F341095590D73D95EA32A571a4A8",
		"0xD20a7dcdDeF53142e7Cb5474Ba469B800Ea8DFeb",
		"0x1196E61acD651618219FcEf4c2931046Cd51a4AE",
		"0x66f83e7a4F7Fd407B6564f25174D544a4B16aAf8",
		"0xC433eC439f5A63Bb360F432fb013D572564A9ce1",
		"0x46f10e7Bc133191cAAF58FA6cf064014b7BDeBA6",
		"0x0DD538156cc4b0966d4aB60358Ad2B12f57B0961",
		"0x3b5F433940eD3f57F9ab73e725cf91cfaaef8789",
		"0xd614e32088C5f5Dc389014Ec5727E03a0811b8c8",
		"0x2d8D844f862A7cF57e0E64b4AecB468aFAdB0A08",
		"0xa718193E1348FD4dEF3063E7F4b4154BAAcB0214"
	],
	"voteWeights": [
		0, 0, 0, 0, 0, 0, 0, 126, 126, 686, 259, 252, 385, 519, 519, 100, 686, 1008, 1638, 568, 1410,
		398, 1320
	],
	"votingTxHash": "0x99b129958838a682dee20bb99102e1fb1d0e15c9fbc91467be72e912f84aead6",
	"finalLabels": [
		"Bunni GHO/USDC LP [1.176553 - 0.952752]",
		"Bunni frxETH/WETH LP [1.002002 - 0.998002]",
		"Bunni ∞-AA_idle_cpFAS-USDT4626-PYT/∞-AA_idle_cpFAS-USDT4626-NYT LP [1.000000 - 0.111259]",
		"Bunni WETH/AURA LP [0.001207 - 0.000400]",
		"Bunni GRAI/TBY-mar24(b) LP [1.027980 - 0.979805]",
		"Bunni DOLA/USDC LP [1.021831 - 0.979805]",
		"Bunni MON/WETH LP [∞ - 0.000000]",
		"Bunni liqLIT/BAL-20WETH-80LIT LP [∞ - 0.000000]",
		"Bunni liqLIT/BAL-20WETH-80LIT LP [1.111149 - 0.909014]",
		"Bunni boxETH/WETH LP [1.030453 - 1.000000]",
		"Bunni ABI/WETH LP [∞ - 0.000000]",
		"Bunni paUSD/wUSK LP [1.039768 - 0.980200]",
		"Bunni LQTY/WETH LP [4691.826955 - 162.999204]",
		"Bunni LUSD/bLUSD LP [1.248558 - 1.086537]",
		"Bunni GRAI/USDC LP [1.020810 - 0.989652]",
		"Bunni INV/DOLA LP [∞ - 0.000000]",
		"Bunni WETH/IZE LP [∞ - 0.000000]",
		"Bunni WBTC/BADGER LP [0.000355 - 0.000036]",
		"Bunni DCHF/USDC LP [1.111368 - 0.769211]",
		"Bunni WETH/LIQ LP [∞ - 0.000000]",
		"Bunni FRAX/PAL LP [∞ - 0.000000]",
		"Bunni JARVIS/WETH LP [∞ - 0.000000]",
		"Bunni WETH/swETH LP [1.080038 - 1.020200]"
	],
	"finalGaugeAddresses": [
		"0x69DA19c1DE0BfaCD967fA1558a66CF9Ee23B9BE7",
		"0x4Bf0082080d937897330BAB735c2Baa99FF16F19",
		"0xf59Dfd237c7a8cf8f47bF6304815F2182F56Ae78",
		"0xE19E619f7A861Ac731c919705941669e8ee3f602",
		"0x47346Aa27Fb7bA45551Ca4DB3Df11867F3EFC97b",
		"0xC11869829D58150d5268e8F2d32BD4815B437142",
		"0xc0Bbfa70b31Bd1645B4f5ddC93b6Da14A5D46a29",
		"0xbB6Fb649929420dc56d90B013C2e4cAeE291e759",
		"0x8e375Dfb1b347D3E84fA9dfe1EeCdC5fD7845e9e",
		"0x42Bafd7c5793Ae2c883A3163D0A37f5969d0BCE1",
		"0x74f794Bd59e51B9f72D84b7c1274e38681A4d518",
		"0xcBbA6d982BF9F341095590D73D95EA32A571a4A8",
		"0xD20a7dcdDeF53142e7Cb5474Ba469B800Ea8DFeb",
		"0x1196E61acD651618219FcEf4c2931046Cd51a4AE",
		"0x0DD538156cc4b0966d4aB60358Ad2B12f57B0961",
		"0xC433eC439f5A63Bb360F432fb013D572564A9ce1",
		"0x66f83e7a4F7Fd407B6564f25174D544a4B16aAf8",
		"0xd614e32088C5f5Dc389014Ec5727E03a0811b8c8",
		"0x46f10e7Bc133191cAAF58FA6cf064014b7BDeBA6",
		"0x157C6F527dE5987235ae1305608494731Ff03b10",
		"0x3b5F433940eD3f57F9ab73e725cf91cfaaef8789",
		"0x2d8D844f862A7cF57e0E64b4AecB468aFAdB0A08",
		"0xa718193E1348FD4dEF3063E7F4b4154BAAcB0214"
	],
	"finalVoteWeights": [
		0, 0, 0, 0, 0, 617, 113, 200, 300, 233, 227, 347, 467, 467, 1469, 617, 90, 1269, 907, 620, 511,
		358, 1188
	]
}
