{
	"id": "0xf69c9e4987f33642228e27b8520ec410129584266a2d8a84578c2b1e78e55756",
	"title": "Gauge Weight for Week of 26th October 2023",
	"start": 1698285600,
	"end": 1698717600,
	"snapshot": 18432600,
	"gaugeLabels": [
		"Bunni WETH/LIQ LP [∞ - 0.000000]",
		"Bunni liqLIT/BAL-20WETH-80LIT LP [1.111149 - 0.909014]",
		"Bunni liqLIT/BAL-20WETH-80LIT LP [∞ - 0.000000]",
		"Bunni DOP/WETH LP [∞ - 0.000000]",
		"Bunni WETH/IZE LP [∞ - 0.000000]",
		"Bunni WBTC/BADGER LP [0.000355 - 0.000036]",
		"Bunni GRAI/swETH LP [3101.366274 - 1098.444013]",
		"Bunni DCHF/USDC LP [1.111368 - 0.769211]",
		"Bunni FRAX/PAL LP [∞ - 0.000000]",
		"Bunni ∞-AA_idle_cpFAS-USDT4626-PYT/∞-AA_idle_cpFAS-USDT4626-NYT LP [1.000000 - 0.111259]",
		"Bunni ABI/WETH LP [∞ - 0.000000]",
		"Bunni GRAI/USDC LP [1.020810 - 0.989652]",
		"Bunni TBY-mar24(a)/USDC LP [1.000000 - 0.976287]",
		"Bunni FRAX/USDC LP [1.000698 - 1.000297]",
		"Bunni FRAX/USDC LP [1.000998 - 0.999897]",
		"Bunni frxETH/WETH LP [1.002002 - 0.998002]",
		"Bunni FRAX/alUSD LP [1.050218 - 0.939886]",
		"Bunni GHO/USDC LP [1.024901 - 0.974919]",
		"Bunni boxETH/WETH LP [1.030453 - 1.000000]",
		"Bunni LQTY/WETH LP [4691.826955 - 162.999204]",
		"Bunni DOLA/USDC LP [1.021831 - 0.979805]",
		"Bunni INV/DOLA LP [∞ - 0.000000]",
		"Bunni GHO/USDC LP [1.033133 - 0.997600]"
	],
	"gaugeAddresses": [
		"0x157C6F527dE5987235ae1305608494731Ff03b10",
		"0x8e375Dfb1b347D3E84fA9dfe1EeCdC5fD7845e9e",
		"0xbB6Fb649929420dc56d90B013C2e4cAeE291e759",
		"0xC118C27C5e364054C0e206049c7e09C7D9D18989",
		"0x66f83e7a4F7Fd407B6564f25174D544a4B16aAf8",
		"0xd614e32088C5f5Dc389014Ec5727E03a0811b8c8",
		"0x270D9A0b9137c99bdFe8dD14FC527D3922a91678",
		"0x46f10e7Bc133191cAAF58FA6cf064014b7BDeBA6",
		"0x3b5F433940eD3f57F9ab73e725cf91cfaaef8789",
		"0xf59Dfd237c7a8cf8f47bF6304815F2182F56Ae78",
		"0x74f794Bd59e51B9f72D84b7c1274e38681A4d518",
		"0x0DD538156cc4b0966d4aB60358Ad2B12f57B0961",
		"0xb73b1cd70d311c9FDAA78C621De2cc50B7799a25",
		"0x471A34823DDd9506fe8dFD6BC5c2890e4114Fafe",
		"0x50593792615768ECAA29B08FB11b3dE9733e5366",
		"0x4Bf0082080d937897330BAB735c2Baa99FF16F19",
		"0xCb619EEB54cA6E9e8bdf0B1BD17811752d685310",
		"0x082c0198B69e8e321A409A7dC5AD3238E4CD7D81",
		"0x42Bafd7c5793Ae2c883A3163D0A37f5969d0BCE1",
		"0xD20a7dcdDeF53142e7Cb5474Ba469B800Ea8DFeb",
		"0xC11869829D58150d5268e8F2d32BD4815B437142",
		"0xC433eC439f5A63Bb360F432fb013D572564A9ce1",
		"0x9AfcE0c50E3696Df713371e3EEE23e8814d23518"
	],
	"voteWeights": [
		0, 0, 0, 0, 0, 1422, 24, 1368, 627, 135, 241, 846, 138, 193, 193, 386, 386, 435, 695, 695, 695,
		695, 826
	],
	"votingTxHash": "0x9fc8c44f71f69fa6cff3a2724e483510c177f2bbf4b9d8989756677028944d92",
	"finalLabels": [
		"Bunni DOP/WETH LP [∞ - 0.000000]",
		"Bunni WETH/IZE LP [∞ - 0.000000]",
		"Bunni WBTC/BADGER LP [0.000355 - 0.000036]",
		"Bunni GRAI/swETH LP [3101.366274 - 1098.444013]",
		"Bunni DCHF/USDC LP [1.111368 - 0.769211]",
		"Bunni WETH/LIQ LP [∞ - 0.000000]",
		"Bunni FRAX/PAL LP [∞ - 0.000000]",
		"Bunni GRAI/USDC LP [1.020810 - 0.989652]",
		"Bunni ∞-AA_idle_cpFAS-USDT4626-PYT/∞-AA_idle_cpFAS-USDT4626-NYT LP [1.000000 - 0.111259]",
		"Bunni ABI/WETH LP [∞ - 0.000000]",
		"Bunni liqLIT/BAL-20WETH-80LIT LP [1.111149 - 0.909014]",
		"Bunni liqLIT/BAL-20WETH-80LIT LP [∞ - 0.000000]",
		"Bunni TBY-mar24(a)/USDC LP [1.000000 - 0.976287]",
		"Bunni FRAX/USDC LP [1.000698 - 1.000297]",
		"Bunni FRAX/USDC LP [1.000998 - 0.999897]",
		"Bunni frxETH/WETH LP [1.002002 - 0.998002]",
		"Bunni FRAX/alUSD LP [1.050218 - 0.939886]",
		"Bunni GHO/USDC LP [1.024901 - 0.974919]",
		"Bunni boxETH/WETH LP [1.030453 - 1.000000]",
		"Bunni LQTY/WETH LP [4691.826955 - 162.999204]",
		"Bunni DOLA/USDC LP [1.021831 - 0.979805]",
		"Bunni INV/DOLA LP [∞ - 0.000000]",
		"Bunni GHO/USDC LP [1.033133 - 0.997600]"
	],
	"finalGaugeAddresses": [
		"0xC118C27C5e364054C0e206049c7e09C7D9D18989",
		"0x66f83e7a4F7Fd407B6564f25174D544a4B16aAf8",
		"0xd614e32088C5f5Dc389014Ec5727E03a0811b8c8",
		"0x270D9A0b9137c99bdFe8dD14FC527D3922a91678",
		"0x46f10e7Bc133191cAAF58FA6cf064014b7BDeBA6",
		"0x157C6F527dE5987235ae1305608494731Ff03b10",
		"0x3b5F433940eD3f57F9ab73e725cf91cfaaef8789",
		"0x0DD538156cc4b0966d4aB60358Ad2B12f57B0961",
		"0xf59Dfd237c7a8cf8f47bF6304815F2182F56Ae78",
		"0x74f794Bd59e51B9f72D84b7c1274e38681A4d518",
		"0x8e375Dfb1b347D3E84fA9dfe1EeCdC5fD7845e9e",
		"0xbB6Fb649929420dc56d90B013C2e4cAeE291e759",
		"0xb73b1cd70d311c9FDAA78C621De2cc50B7799a25",
		"0x471A34823DDd9506fe8dFD6BC5c2890e4114Fafe",
		"0x50593792615768ECAA29B08FB11b3dE9733e5366",
		"0x4Bf0082080d937897330BAB735c2Baa99FF16F19",
		"0xCb619EEB54cA6E9e8bdf0B1BD17811752d685310",
		"0x082c0198B69e8e321A409A7dC5AD3238E4CD7D81",
		"0x42Bafd7c5793Ae2c883A3163D0A37f5969d0BCE1",
		"0xD20a7dcdDeF53142e7Cb5474Ba469B800Ea8DFeb",
		"0xC11869829D58150d5268e8F2d32BD4815B437142",
		"0xC433eC439f5A63Bb360F432fb013D572564A9ce1",
		"0x9AfcE0c50E3696Df713371e3EEE23e8814d23518"
	],
	"finalVoteWeights": [
		0, 0, 1272, 21, 1231, 513, 564, 761, 122, 217, 300, 200, 125, 173, 173, 347, 347, 391, 625, 625,
		625, 625, 743
	]
}
